sub_reddit	comment	submission	total
CombatFootage	1259196	26273	1285469
CredibleDefense	102200	1188	103388
RussiaUkraineWar2022	290971	16937	307908
UkraineConflict	56798	9462	66260
UkraineInvasionVideos	96492	10729	107221
UkraineWarReports	75356	7242	82598
UkraineWarVideoReport	1415842	36388	1452230
UkrainianConflict	1502609	59553	1562162
geopolitics	39062	2485	41547
ukraina	106566	11901	118467
ukraine	3519911	130432	3650343
war	89626	9482	99108
sub_reddit	comment	submission	total
CombatFootage	1259196	26273	1285469
CredibleDefense	102200	1188	103388
RussiaUkraineWar2022	290971	16937	307908
UkraineConflict	56798	9462	66260
UkraineInvasionVideos	96492	10729	107221
UkraineWarReports	75356	7242	82598
UkraineWarVideoReport	1415842	36388	1452230
UkrainianConflict	1502609	59553	1562162
geopolitics	39062	2485	41547
ukraina	106566	11901	118467
ukraine	3519911	130432	3650343
war	89626	9482	99108
