date	CombatFootage	CredibleDefense	RussiaUkraineWar2022	UkraineConflict	UkraineInvasionVideos	UkraineWarReports	UkraineWarVideoReport	UkrainianConflict	geopolitics	ukraina	ukraine	war
2022-02-24	37757.0	681.0	11.0	965.0	234.0	9.0	10022.0	20860.0	1735.0	2686.0	40576.0	6579.0
2022-02-25	64971.0	792.0	901.0	1100.0	568.0	80.0	20398.0	27596.0	1054.0	2075.0	65499.0	4859.0
2022-02-26	56188.0	829.0	3151.0	2098.0	1570.0	891.0	29857.0	36964.0	973.0	2186.0	79517.0	4672.0
2022-02-27	63321.0	1150.0	3618.0	1662.0	2845.0	2986.0	36593.0	33438.0	946.0	2132.0	100396.0	3302.0
2022-02-28	49381.0	1313.0	3024.0	1337.0	2564.0	3415.0	31797.0	31502.0	1370.0	1668.0	102277.0	4506.0
2022-03-01	40458.0	1341.0	3308.0	1931.0	2636.0	4611.0	33156.0	32708.0	1273.0	1667.0	96281.0	3491.0
2022-03-02	29678.0	1460.0	3857.0	1699.0	2460.0	3499.0	27615.0	32136.0	1046.0	1311.0	88462.0	2494.0
2022-03-03	27233.0	1105.0	3144.0	1199.0	1780.0	2603.0	26962.0	26940.0	919.0	1381.0	81604.0	1902.0
2022-03-04	28588.0	912.0	3070.0	1117.0	1939.0	2468.0	25863.0	24184.0	849.0	1120.0	85929.0	1424.0
2022-03-05	32454.0	982.0	3239.0	1175.0	1690.0	2703.0	24790.0	26695.0	470.0	1233.0	83032.0	1229.0
2022-03-06	28076.0	992.0	2946.0	1010.0	1510.0	3172.0	22751.0	24281.0	626.0	1660.0	60990.0	1441.0
2022-03-07	22149.0	1139.0	3064.0	704.0	1146.0	2792.0	23004.0	26467.0	760.0	1360.0	60051.0	1316.0
2022-03-08	21588.0	1238.0	3619.0	1015.0	1161.0	2487.0	21494.0	24585.0	530.0	1065.0	61000.0	1171.0
2022-03-09	19744.0	951.0	4148.0	1113.0	977.0	2054.0	21909.0	23734.0	646.0	1248.0	48403.0	913.0
2022-03-10	22070.0	747.0	4155.0	820.0	1118.0	1544.0	22424.0	23553.0	832.0	1565.0	40787.0	1257.0
2022-03-11	16257.0	859.0	4146.0	928.0	853.0	1557.0	23048.0	24671.0	713.0	1086.0	38635.0	1145.0
2022-03-12	15898.0	853.0	3488.0	706.0	1025.0	1084.0	21191.0	20635.0	496.0	1648.0	37855.0	983.0
2022-03-13	15458.0	858.0	3149.0	778.0	991.0	816.0	23822.0	20625.0	454.0	1507.0	40816.0	1222.0
2022-03-14	16626.0	1260.0	2786.0	739.0	1149.0	1253.0	25855.0	20947.0	569.0	1154.0	44571.0	988.0
2022-03-15	15670.0	1389.0	3662.0	763.0	1536.0	1375.0	22241.0	23351.0	954.0	1003.0	48381.0	996.0
2022-03-16	16913.0	1221.0	3474.0	934.0	1299.0	1437.0	19626.0	22501.0	713.0	1274.0	46501.0	998.0
2022-03-17	15458.0	1130.0	4019.0	911.0	1308.0	1652.0	19678.0	23208.0	683.0	951.0	49834.0	870.0
2022-03-18	13035.0	955.0	3892.0	723.0	1416.0	1682.0	16317.0	21081.0	746.0	892.0	45883.0	1076.0
2022-03-19	11032.0	670.0	3328.0	726.0	2224.0	1612.0	16139.0	17088.0	515.0	1016.0	38134.0	860.0
2022-03-20	13100.0	851.0	3253.0	682.0	2080.0	1672.0	15185.0	18372.0	451.0	1308.0	41384.0	927.0
2022-03-21	12342.0	1138.0	3282.0	556.0	1510.0	1123.0	14805.0	18710.0	332.0	991.0	43075.0	1378.0
2022-03-22	13217.0	1412.0	3274.0	750.0	1389.0	1395.0	15183.0	17653.0	287.0	1057.0	42687.0	862.0
2022-03-23	13332.0	1228.0	3530.0	689.0	1627.0	1122.0	13740.0	19997.0	550.0	901.0	39951.0	1295.0
2022-03-24	17430.0	1336.0	3590.0	664.0	1230.0	1174.0	14304.0	21316.0	358.0	909.0	43123.0	863.0
2022-03-25	14303.0	1397.0	3625.0	632.0	1279.0	1285.0	17129.0	20373.0	459.0	804.0	44303.0	1436.0
2022-03-26	12024.0	844.0	2803.0	1083.0	1234.0	1192.0	15442.0	17653.0	438.0	1052.0	40933.0	1877.0
2022-03-27	14059.0	864.0	3767.0	736.0	1289.0	1153.0	19065.0	16000.0	236.0	769.0	36815.0	1620.0
2022-03-28	10440.0	998.0	2854.0	894.0	1416.0	1071.0	16541.0	16595.0	271.0	772.0	30388.0	969.0
2022-03-29	9623.0	1043.0	2707.0	592.0	953.0	841.0	14511.0	17309.0	431.0	1097.0	32716.0	987.0
2022-03-30	8556.0	625.0	3204.0	488.0	823.0	814.0	12222.0	16591.0	511.0	829.0	35253.0	686.0
2022-03-31	8614.0	861.0	2714.0	553.0	1156.0	1086.0	12734.0	15248.0	328.0	637.0	32700.0	837.0
2022-04-01	12444.0	1099.0	2933.0	914.0	1120.0	1049.0	15346.0	15250.0	216.0	836.0	35985.0	801.0
2022-04-02	6648.0	1041.0	2718.0	455.0	1212.0	803.0	13564.0	14260.0	270.0	907.0	30535.0	651.0
2022-04-03	7532.0	1124.0	4180.0	521.0	1197.0	1124.0	15757.0	14226.0	142.0	1429.0	37016.0	854.0
2022-04-04	7956.0	1144.0	4360.0	435.0	1258.0	1264.0	17770.0	14316.0	307.0	1334.0	41759.0	994.0
2022-04-05	9911.0	1185.0	4000.0	744.0	1049.0	1421.0	20769.0	13717.0	774.0	1067.0	39566.0	1668.0
2022-04-06	6903.0	928.0	3833.0	631.0	1186.0	1386.0	18472.0	16003.0	424.0	1311.0	35630.0	1036.0
2022-04-07	7569.0	1167.0	3012.0	575.0	1193.0	1230.0	16052.0	14119.0	415.0	1174.0	36796.0	1139.0
2022-04-08	7328.0	912.0	2858.0	787.0	1266.0	985.0	18982.0	13403.0	237.0	1334.0	43418.0	765.0
2022-04-09	5608.0	671.0	2758.0	597.0	1042.0	920.0	17590.0	11314.0	133.0	1129.0	38307.0	1013.0
2022-04-10	6199.0	433.0	2664.0	536.0	996.0	730.0	14921.0	11669.0	98.0	1213.0	29189.0	573.0
2022-04-11	9674.0	793.0	2371.0	772.0	1462.0	812.0	19220.0	12407.0	173.0	1641.0	33523.0	845.0
2022-04-12	8002.0	853.0	2592.0	763.0	1503.0	828.0	20001.0	13186.0	318.0	1403.0	31935.0	763.0
2022-04-13	7499.0	939.0	1741.0	595.0	1612.0	662.0	16593.0	15500.0	386.0	1441.0	36836.0	810.0
2022-04-14	8771.0	1032.0	2047.0	653.0	761.0	836.0	18265.0	15783.0	292.0	1032.0	39371.0	678.0
2022-04-15	5804.0	786.0	2023.0	671.0	1202.0	913.0	16657.0	15165.0	151.0	1362.0	36504.0	580.0
2022-04-16	5241.0	779.0	1733.0	704.0	1259.0	1040.0	13650.0	12147.0	82.0	1387.0	26731.0	453.0
2022-04-17	7054.0	564.0	2260.0	593.0	1087.0	950.0	11253.0	10725.0	83.0	1370.0	27501.0	593.0
2022-04-18	9241.0	977.0	2425.0	617.0	1204.0	1224.0	12670.0	10394.0	83.0	1321.0	25457.0	701.0
2022-04-19	10145.0	954.0	2421.0	484.0	1026.0	1049.0	14679.0	13529.0	101.0	1861.0	28970.0	819.0
2022-04-20	7972.0	956.0	2358.0	273.0	1091.0	708.0	13445.0	13101.0	138.0	818.0	29213.0	775.0
2022-04-21	8423.0	1209.0	1972.0	372.0	1061.0	222.0	16249.0	15136.0	313.0	1363.0	30722.0	884.0
2022-04-22	7365.0	1127.0	2662.0	372.0	857.0	98.0	16024.0	13063.0	249.0	1293.0	27792.0	777.0
2022-04-23	6632.0	973.0	1852.0	380.0	590.0	64.0	10983.0	12016.0	88.0	1143.0	27405.0	641.0
2022-04-24	5514.0	747.0	2694.0	544.0	792.0	35.0	11786.0	10644.0	101.0	1063.0	26297.0	686.0
2022-04-25	6471.0	1243.0	3465.0	341.0	746.0	67.0	12421.0	13091.0	161.0	845.0	31453.0	688.0
2022-04-26	6697.0	1097.0	3632.0	431.0	708.0	58.0	11652.0	13130.0	106.0	1024.0	30723.0	358.0
2022-04-27	7472.0	1069.0	3400.0	434.0	755.0	25.0	11941.0	12546.0	381.0	1099.0	29210.0	612.0
2022-04-28	6540.0	1013.0	3094.0	533.0	994.0	18.0	13630.0	12749.0	327.0	998.0	30176.0	597.0
2022-04-29	7479.0	854.0	3277.0	398.0	1003.0	13.0	12859.0	11706.0	225.0	901.0	29234.0	602.0
2022-04-30	5520.0	841.0	2780.0	379.0	841.0	9.0	9825.0	11007.0	232.0	1075.0	24499.0	567.0
2022-05-01	6610.0	805.0	2778.0	517.0	706.0	10.0	9397.0	11299.0	199.0	1284.0	23404.0	348.0
2022-05-02	6725.0	940.0	3432.0	648.0	845.0	19.0	9530.0	11950.0	110.0	1022.0	24156.0	538.0
2022-05-03	5534.0	1025.0	3004.0	479.0	724.0	10.0	7865.0	11839.0	192.0	1240.0	28427.0	350.0
2022-05-04	5954.0	1206.0	2703.0	475.0	576.0	11.0	7205.0	10985.0	269.0	1047.0	27331.0	413.0
2022-05-05	5904.0	1170.0	2098.0	518.0	607.0	6.0	9437.0	9969.0	195.0	979.0	22605.0	636.0
2022-05-06	6377.0	1197.0	2175.0	391.0	861.0	10.0	10321.0	10322.0	281.0	792.0	24086.0	659.0
2022-05-07	5357.0	773.0	3487.0	342.0	723.0	9.0	8150.0	9175.0	201.0	531.0	20338.0	472.0
2022-05-08	6324.0	793.0	3752.0	438.0	753.0	13.0	9306.0	8963.0	292.0	881.0	23197.0	222.0
2022-05-09	5726.0	944.0	3694.0	306.0	736.0	6.0	9094.0	9187.0	333.0	1005.0	20567.0	569.0
2022-05-10	6650.0	894.0	3110.0	450.0	604.0	17.0	9648.0	8747.0	343.0	828.0	21881.0	447.0
2022-05-11	6702.0	1121.0	2469.0	292.0	580.0	6.0	9112.0	9168.0	545.0	962.0	23240.0	679.0
2022-05-12	5724.0	994.0	3015.0	329.0	728.0	10.0	10207.0	10438.0	356.0	1231.0	23024.0	502.0
2022-05-13	5140.0	1183.0	3388.0	284.0	782.0	4.0	9460.0	9740.0	283.0	866.0	23244.0	506.0
2022-05-14	4610.0	805.0	4001.0	256.0	498.0	7.0	8686.0	8307.0	307.0	1027.0	22590.0	429.0
2022-05-15	4932.0	747.0	2748.0	283.0	535.0	9.0	7354.0	7972.0	239.0	957.0	17649.0	337.0
2022-05-16	6276.0	1067.0	2567.0	444.0	522.0	11.0	8582.0	9096.0	157.0	684.0	17111.0	290.0
2022-05-17	5130.0	1040.0	2993.0	493.0	583.0	1.0	9141.0	8987.0	321.0	661.0	16319.0	313.0
2022-05-18	5488.0	931.0	2817.0	416.0	445.0	7.0	6210.0	7675.0	258.0	707.0	15786.0	289.0
2022-05-19	4361.0	840.0	2327.0	390.0	496.0	4.0	5977.0	7848.0	318.0	716.0	14967.0	437.0
2022-05-20	4663.0	1023.0	2771.0	430.0	419.0	13.0	6038.0	7263.0	134.0	770.0	16663.0	169.0
2022-05-21	4694.0	617.0	2644.0	342.0	762.0	7.0	4375.0	8077.0	246.0	911.0	14493.0	132.0
2022-05-22	3491.0	707.0	2645.0	266.0	806.0	16.0	3214.0	6315.0	292.0	1033.0	12812.0	159.0
2022-05-23	4564.0	626.0	3218.0	406.0	509.0	19.0	3099.0	7003.0	120.0	927.0	13900.0	133.0
2022-05-24	5028.0	669.0	2724.0	326.0	361.0	6.0	3201.0	7180.0	173.0	572.0	16060.0	217.0
2022-05-25	6370.0	756.0	1996.0	282.0	293.0	10.0	2900.0	7336.0	285.0	852.0	15435.0	120.0
2022-05-26	6220.0	730.0	1972.0	310.0	463.0	6.0	4600.0	6074.0	240.0	916.0	15671.0	182.0
2022-05-27	6624.0	739.0	1904.0	337.0	411.0		4149.0	6688.0	225.0	1001.0	12270.0	262.0
2022-05-28	4975.0	537.0	1589.0	266.0	326.0	9.0	2867.0	6135.0	205.0	798.0	12523.0	149.0
2022-05-29	4188.0	590.0	2302.0	339.0	356.0	7.0	2168.0	5084.0	155.0	939.0	11356.0	146.0
2022-05-30	4630.0	737.0	2134.0	294.0	276.0	1.0	3225.0	7360.0	178.0	601.0	13309.0	141.0
2022-05-31	5191.0	865.0	1973.0	281.0	313.0	7.0	3413.0	6851.0	192.0	932.0	11572.0	211.0
2022-06-01	5129.0	977.0	1669.0	325.0	429.0	4.0	4287.0	8226.0	210.0	529.0	13931.0	381.0
2022-06-02	4701.0	636.0	1912.0	203.0	498.0	9.0	4180.0	7406.0	163.0	679.0	11565.0	273.0
2022-06-03	4312.0	719.0	1832.0	208.0	355.0	8.0	3241.0	6591.0	226.0	556.0	12856.0	175.0
2022-06-04	4102.0	748.0	1373.0	230.0	163.0	9.0	2692.0	6048.0	119.0	545.0	12666.0	105.0
2022-06-05	5068.0	621.0	1930.0	292.0	410.0	5.0	3151.0	6223.0	157.0	931.0	14156.0	116.0
2022-06-06	6001.0	728.0	2326.0	248.0	466.0		3936.0	5463.0	147.0	863.0	14288.0	94.0
2022-06-07	5861.0	905.0	1864.0	255.0	386.0	7.0	2533.0	5411.0	200.0	710.0	11819.0	79.0
2022-06-08	5933.0	743.0	2051.0	355.0	529.0	12.0	3260.0	5944.0	125.0	622.0	11042.0	71.0
2022-06-09	5132.0	934.0	2258.0	258.0	691.0	4.0	4236.0	6784.0	255.0	573.0	11700.0	391.0
2022-06-10	4454.0	1006.0	1762.0	323.0	570.0	2.0	4024.0	5527.0	210.0	879.0	11232.0	182.0
2022-06-11	4236.0	783.0	1602.0	210.0	442.0	3.0	2819.0	4759.0	228.0	648.0	10181.0	172.0
2022-06-12	3934.0	691.0	1324.0	391.0	273.0	11.0	2857.0	4717.0	196.0	494.0	9285.0	183.0
2022-06-13	3787.0	892.0	1658.0	356.0	352.0		2644.0	5161.0	137.0	578.0	9141.0	75.0
date	CombatFootage	CredibleDefense	RussiaUkraineWar2022	UkraineConflict	UkraineInvasionVideos	UkraineWarReports	UkraineWarVideoReport	UkrainianConflict	geopolitics	ukraina	ukraine	war
2022-02-24	37757.0	681.0	11.0	965.0	234.0	9.0	10022.0	20860.0	1735.0	2686.0	40576.0	6579.0
2022-02-25	64971.0	792.0	901.0	1100.0	568.0	80.0	20398.0	27596.0	1054.0	2075.0	65499.0	4859.0
2022-02-26	56188.0	829.0	3151.0	2098.0	1570.0	891.0	29857.0	36964.0	973.0	2186.0	79517.0	4672.0
2022-02-27	63321.0	1150.0	3618.0	1662.0	2845.0	2986.0	36593.0	33438.0	946.0	2132.0	100396.0	3302.0
2022-02-28	49381.0	1313.0	3024.0	1337.0	2564.0	3415.0	31797.0	31502.0	1370.0	1668.0	102277.0	4506.0
2022-03-01	40458.0	1341.0	3308.0	1931.0	2636.0	4611.0	33156.0	32708.0	1273.0	1667.0	96281.0	3491.0
2022-03-02	29678.0	1460.0	3857.0	1699.0	2460.0	3499.0	27615.0	32136.0	1046.0	1311.0	88462.0	2494.0
2022-03-03	27233.0	1105.0	3144.0	1199.0	1780.0	2603.0	26962.0	26940.0	919.0	1381.0	81604.0	1902.0
2022-03-04	28588.0	912.0	3070.0	1117.0	1939.0	2468.0	25863.0	24184.0	849.0	1120.0	85929.0	1424.0
2022-03-05	32454.0	982.0	3239.0	1175.0	1690.0	2703.0	24790.0	26695.0	470.0	1233.0	83032.0	1229.0
2022-03-06	28076.0	992.0	2946.0	1010.0	1510.0	3172.0	22751.0	24281.0	626.0	1660.0	60990.0	1441.0
2022-03-07	22149.0	1139.0	3064.0	704.0	1146.0	2792.0	23004.0	26467.0	760.0	1360.0	60051.0	1316.0
2022-03-08	21588.0	1238.0	3619.0	1015.0	1161.0	2487.0	21494.0	24585.0	530.0	1065.0	61000.0	1171.0
2022-03-09	19744.0	951.0	4148.0	1113.0	977.0	2054.0	21909.0	23734.0	646.0	1248.0	48403.0	913.0
2022-03-10	22070.0	747.0	4155.0	820.0	1118.0	1544.0	22424.0	23553.0	832.0	1565.0	40787.0	1257.0
2022-03-11	16257.0	859.0	4146.0	928.0	853.0	1557.0	23048.0	24671.0	713.0	1086.0	38635.0	1145.0
2022-03-12	15898.0	853.0	3488.0	706.0	1025.0	1084.0	21191.0	20635.0	496.0	1648.0	37855.0	983.0
2022-03-13	15458.0	858.0	3149.0	778.0	991.0	816.0	23822.0	20625.0	454.0	1507.0	40816.0	1222.0
2022-03-14	16626.0	1260.0	2786.0	739.0	1149.0	1253.0	25855.0	20947.0	569.0	1154.0	44571.0	988.0
2022-03-15	15670.0	1389.0	3662.0	763.0	1536.0	1375.0	22241.0	23351.0	954.0	1003.0	48381.0	996.0
2022-03-16	16913.0	1221.0	3474.0	934.0	1299.0	1437.0	19626.0	22501.0	713.0	1274.0	46501.0	998.0
2022-03-17	15458.0	1130.0	4019.0	911.0	1308.0	1652.0	19678.0	23208.0	683.0	951.0	49834.0	870.0
2022-03-18	13035.0	955.0	3892.0	723.0	1416.0	1682.0	16317.0	21081.0	746.0	892.0	45883.0	1076.0
2022-03-19	11032.0	670.0	3328.0	726.0	2224.0	1612.0	16139.0	17088.0	515.0	1016.0	38134.0	860.0
2022-03-20	13100.0	851.0	3253.0	682.0	2080.0	1672.0	15185.0	18372.0	451.0	1308.0	41384.0	927.0
2022-03-21	12342.0	1138.0	3282.0	556.0	1510.0	1123.0	14805.0	18710.0	332.0	991.0	43075.0	1378.0
2022-03-22	13217.0	1412.0	3274.0	750.0	1389.0	1395.0	15183.0	17653.0	287.0	1057.0	42687.0	862.0
2022-03-23	13332.0	1228.0	3530.0	689.0	1627.0	1122.0	13740.0	19997.0	550.0	901.0	39951.0	1295.0
2022-03-24	17430.0	1336.0	3590.0	664.0	1230.0	1174.0	14304.0	21316.0	358.0	909.0	43123.0	863.0
2022-03-25	14303.0	1397.0	3625.0	632.0	1279.0	1285.0	17129.0	20373.0	459.0	804.0	44303.0	1436.0
2022-03-26	12024.0	844.0	2803.0	1083.0	1234.0	1192.0	15442.0	17653.0	438.0	1052.0	40933.0	1877.0
2022-03-27	14059.0	864.0	3767.0	736.0	1289.0	1153.0	19065.0	16000.0	236.0	769.0	36815.0	1620.0
2022-03-28	10440.0	998.0	2854.0	894.0	1416.0	1071.0	16541.0	16595.0	271.0	772.0	30388.0	969.0
2022-03-29	9623.0	1043.0	2707.0	592.0	953.0	841.0	14511.0	17309.0	431.0	1097.0	32716.0	987.0
2022-03-30	8556.0	625.0	3204.0	488.0	823.0	814.0	12222.0	16591.0	511.0	829.0	35253.0	686.0
2022-03-31	8614.0	861.0	2714.0	553.0	1156.0	1086.0	12734.0	15248.0	328.0	637.0	32700.0	837.0
2022-04-01	12444.0	1099.0	2933.0	914.0	1120.0	1049.0	15346.0	15250.0	216.0	836.0	35985.0	801.0
2022-04-02	6648.0	1041.0	2718.0	455.0	1212.0	803.0	13564.0	14260.0	270.0	907.0	30535.0	651.0
2022-04-03	7532.0	1124.0	4180.0	521.0	1197.0	1124.0	15757.0	14226.0	142.0	1429.0	37016.0	854.0
2022-04-04	7956.0	1144.0	4360.0	435.0	1258.0	1264.0	17770.0	14316.0	307.0	1334.0	41759.0	994.0
2022-04-05	9911.0	1185.0	4000.0	744.0	1049.0	1421.0	20769.0	13717.0	774.0	1067.0	39566.0	1668.0
2022-04-06	6903.0	928.0	3833.0	631.0	1186.0	1386.0	18472.0	16003.0	424.0	1311.0	35630.0	1036.0
2022-04-07	7569.0	1167.0	3012.0	575.0	1193.0	1230.0	16052.0	14119.0	415.0	1174.0	36796.0	1139.0
2022-04-08	7328.0	912.0	2858.0	787.0	1266.0	985.0	18982.0	13403.0	237.0	1334.0	43418.0	765.0
2022-04-09	5608.0	671.0	2758.0	597.0	1042.0	920.0	17590.0	11314.0	133.0	1129.0	38307.0	1013.0
2022-04-10	6199.0	433.0	2664.0	536.0	996.0	730.0	14921.0	11669.0	98.0	1213.0	29189.0	573.0
2022-04-11	9674.0	793.0	2371.0	772.0	1462.0	812.0	19220.0	12407.0	173.0	1641.0	33523.0	845.0
2022-04-12	8002.0	853.0	2592.0	763.0	1503.0	828.0	20001.0	13186.0	318.0	1403.0	31935.0	763.0
2022-04-13	7499.0	939.0	1741.0	595.0	1612.0	662.0	16593.0	15500.0	386.0	1441.0	36836.0	810.0
2022-04-14	8771.0	1032.0	2047.0	653.0	761.0	836.0	18265.0	15783.0	292.0	1032.0	39371.0	678.0
2022-04-15	5804.0	786.0	2023.0	671.0	1202.0	913.0	16657.0	15165.0	151.0	1362.0	36504.0	580.0
2022-04-16	5241.0	779.0	1733.0	704.0	1259.0	1040.0	13650.0	12147.0	82.0	1387.0	26731.0	453.0
2022-04-17	7054.0	564.0	2260.0	593.0	1087.0	950.0	11253.0	10725.0	83.0	1370.0	27501.0	593.0
2022-04-18	9241.0	977.0	2425.0	617.0	1204.0	1224.0	12670.0	10394.0	83.0	1321.0	25457.0	701.0
2022-04-19	10145.0	954.0	2421.0	484.0	1026.0	1049.0	14679.0	13529.0	101.0	1861.0	28970.0	819.0
2022-04-20	7972.0	956.0	2358.0	273.0	1091.0	708.0	13445.0	13101.0	138.0	818.0	29213.0	775.0
2022-04-21	8423.0	1209.0	1972.0	372.0	1061.0	222.0	16249.0	15136.0	313.0	1363.0	30722.0	884.0
2022-04-22	7365.0	1127.0	2662.0	372.0	857.0	98.0	16024.0	13063.0	249.0	1293.0	27792.0	777.0
2022-04-23	6632.0	973.0	1852.0	380.0	590.0	64.0	10983.0	12016.0	88.0	1143.0	27405.0	641.0
2022-04-24	5514.0	747.0	2694.0	544.0	792.0	35.0	11786.0	10644.0	101.0	1063.0	26297.0	686.0
2022-04-25	6471.0	1243.0	3465.0	341.0	746.0	67.0	12421.0	13091.0	161.0	845.0	31453.0	688.0
2022-04-26	6697.0	1097.0	3632.0	431.0	708.0	58.0	11652.0	13130.0	106.0	1024.0	30723.0	358.0
2022-04-27	7472.0	1069.0	3400.0	434.0	755.0	25.0	11941.0	12546.0	381.0	1099.0	29210.0	612.0
2022-04-28	6540.0	1013.0	3094.0	533.0	994.0	18.0	13630.0	12749.0	327.0	998.0	30176.0	597.0
2022-04-29	7479.0	854.0	3277.0	398.0	1003.0	13.0	12859.0	11706.0	225.0	901.0	29234.0	602.0
2022-04-30	5520.0	841.0	2780.0	379.0	841.0	9.0	9825.0	11007.0	232.0	1075.0	24499.0	567.0
2022-05-01	6610.0	805.0	2778.0	517.0	706.0	10.0	9397.0	11299.0	199.0	1284.0	23404.0	348.0
2022-05-02	6725.0	940.0	3432.0	648.0	845.0	19.0	9530.0	11950.0	110.0	1022.0	24156.0	538.0
2022-05-03	5534.0	1025.0	3004.0	479.0	724.0	10.0	7865.0	11839.0	192.0	1240.0	28427.0	350.0
2022-05-04	5954.0	1206.0	2703.0	475.0	576.0	11.0	7205.0	10985.0	269.0	1047.0	27331.0	413.0
2022-05-05	5904.0	1170.0	2098.0	518.0	607.0	6.0	9437.0	9969.0	195.0	979.0	22605.0	636.0
2022-05-06	6377.0	1197.0	2175.0	391.0	861.0	10.0	10321.0	10322.0	281.0	792.0	24086.0	659.0
2022-05-07	5357.0	773.0	3487.0	342.0	723.0	9.0	8150.0	9175.0	201.0	531.0	20338.0	472.0
2022-05-08	6324.0	793.0	3752.0	438.0	753.0	13.0	9306.0	8963.0	292.0	881.0	23197.0	222.0
2022-05-09	5726.0	944.0	3694.0	306.0	736.0	6.0	9094.0	9187.0	333.0	1005.0	20567.0	569.0
2022-05-10	6650.0	894.0	3110.0	450.0	604.0	17.0	9648.0	8747.0	343.0	828.0	21881.0	447.0
2022-05-11	6702.0	1121.0	2469.0	292.0	580.0	6.0	9112.0	9168.0	545.0	962.0	23240.0	679.0
2022-05-12	5724.0	994.0	3015.0	329.0	728.0	10.0	10207.0	10438.0	356.0	1231.0	23024.0	502.0
2022-05-13	5140.0	1183.0	3388.0	284.0	782.0	4.0	9460.0	9740.0	283.0	866.0	23244.0	506.0
2022-05-14	4610.0	805.0	4001.0	256.0	498.0	7.0	8686.0	8307.0	307.0	1027.0	22590.0	429.0
2022-05-15	4932.0	747.0	2748.0	283.0	535.0	9.0	7354.0	7972.0	239.0	957.0	17649.0	337.0
2022-05-16	6276.0	1067.0	2567.0	444.0	522.0	11.0	8582.0	9096.0	157.0	684.0	17111.0	290.0
2022-05-17	5130.0	1040.0	2993.0	493.0	583.0	1.0	9141.0	8987.0	321.0	661.0	16319.0	313.0
2022-05-18	5488.0	931.0	2817.0	416.0	445.0	7.0	6210.0	7675.0	258.0	707.0	15786.0	289.0
2022-05-19	4361.0	840.0	2327.0	390.0	496.0	4.0	5977.0	7848.0	318.0	716.0	14967.0	437.0
2022-05-20	4663.0	1023.0	2771.0	430.0	419.0	13.0	6038.0	7263.0	134.0	770.0	16663.0	169.0
2022-05-21	4694.0	617.0	2644.0	342.0	762.0	7.0	4375.0	8077.0	246.0	911.0	14493.0	132.0
2022-05-22	3491.0	707.0	2645.0	266.0	806.0	16.0	3214.0	6315.0	292.0	1033.0	12812.0	159.0
2022-05-23	4564.0	626.0	3218.0	406.0	509.0	19.0	3099.0	7003.0	120.0	927.0	13900.0	133.0
2022-05-24	5028.0	669.0	2724.0	326.0	361.0	6.0	3201.0	7180.0	173.0	572.0	16060.0	217.0
2022-05-25	6370.0	756.0	1996.0	282.0	293.0	10.0	2900.0	7336.0	285.0	852.0	15435.0	120.0
2022-05-26	6220.0	730.0	1972.0	310.0	463.0	6.0	4600.0	6074.0	240.0	916.0	15671.0	182.0
2022-05-27	6624.0	739.0	1904.0	337.0	411.0		4149.0	6688.0	225.0	1001.0	12270.0	262.0
2022-05-28	4975.0	537.0	1589.0	266.0	326.0	9.0	2867.0	6135.0	205.0	798.0	12523.0	149.0
2022-05-29	4188.0	590.0	2302.0	339.0	356.0	7.0	2168.0	5084.0	155.0	939.0	11356.0	146.0
2022-05-30	4630.0	737.0	2134.0	294.0	276.0	1.0	3225.0	7360.0	178.0	601.0	13309.0	141.0
2022-05-31	5191.0	865.0	1973.0	281.0	313.0	7.0	3413.0	6851.0	192.0	932.0	11572.0	211.0
2022-06-01	5129.0	977.0	1669.0	325.0	429.0	4.0	4287.0	8226.0	210.0	529.0	13931.0	381.0
2022-06-02	4701.0	636.0	1912.0	203.0	498.0	9.0	4180.0	7406.0	163.0	679.0	11565.0	273.0
2022-06-03	4312.0	719.0	1832.0	208.0	355.0	8.0	3241.0	6591.0	226.0	556.0	12856.0	175.0
2022-06-04	4102.0	748.0	1373.0	230.0	163.0	9.0	2692.0	6048.0	119.0	545.0	12666.0	105.0
2022-06-05	5068.0	621.0	1930.0	292.0	410.0	5.0	3151.0	6223.0	157.0	931.0	14156.0	116.0
2022-06-06	6001.0	728.0	2326.0	248.0	466.0		3936.0	5463.0	147.0	863.0	14288.0	94.0
2022-06-07	5861.0	905.0	1864.0	255.0	386.0	7.0	2533.0	5411.0	200.0	710.0	11819.0	79.0
2022-06-08	5933.0	743.0	2051.0	355.0	529.0	12.0	3260.0	5944.0	125.0	622.0	11042.0	71.0
2022-06-09	5132.0	934.0	2258.0	258.0	691.0	4.0	4236.0	6784.0	255.0	573.0	11700.0	391.0
2022-06-10	4454.0	1006.0	1762.0	323.0	570.0	2.0	4024.0	5527.0	210.0	879.0	11232.0	182.0
2022-06-11	4236.0	783.0	1602.0	210.0	442.0	3.0	2819.0	4759.0	228.0	648.0	10181.0	172.0
2022-06-12	3934.0	691.0	1324.0	391.0	273.0	11.0	2857.0	4717.0	196.0	494.0	9285.0	183.0
2022-06-13	3787.0	892.0	1658.0	356.0	352.0		2644.0	5161.0	137.0	578.0	9141.0	75.0
